pre,pos
Cálculo I,Cálculo II
Cálculo II,Equações Diferenciais IV
Equações Diferenciais IV,Matemática Especial I
Matemática Especial I,Astronomia e Navegação
Física V,Física VI
Física VI,Física VII
Física VII,Física VIII
Física VIII,Oceanografia Física I
Oceanografia Física I,Oceanografia Física II
Oceanografia Física II,Oceanografia Física III
Fund. Biologia I,Fund. Biologia II
Fund. Biologia II,Fund. Biologia III
Fund. Biologia III,Ecologia Marinha
Ecologia Marinha,Oceanografia Biológica I
Oceanografia Biológica I,Oceanografia Biológica II
Oceanografia Biológica II,Oceanografia Biológica III
Oceanografia Biológica III,Oceanografia Descritiva
Geologia Geral I,Geologia II
Geologia II,Geologia III
Geologia III,Neontologia
Neontologia,Oceanografia Geológica I
Oceanografia Geológica I,Oceanografia Geológica II
Química I,Química VII
Química VII,Química VIII
Química VIII,Química IX
Química IX,Oceanografia Química I
Oceanografia Química I,Oceanografia Química II
Oceanografia Química II,Poluição no Mar
Fund. Cartografia,Cartografia X
Cartografia X,Climatologia III
Climatologia III,Meteorologia I
Meteorologia I,Meteorologia II
Estatística II,Estatística III
Estatística III,Mecânica dos Fluidos III
Mecânica dos Fluidos III,Hidrografia II
